*,*,*,*,*,Iris24-1234,Iris24-1234,Iris24-1234,Iris24-1234,Iris24-1234
*,*,*,*,*,9.12622E+11,9.12622E+11,9.12622E+11,9.12622E+11,9.12622E+11
*,*,*,*,*,1,1,1,1,1
*,*,*,*,*,A,A,B,B,C
*,*,*,*,*,1,1,1,1,1
*,*,*,*,*,1,3,1,3,1
*,*,*,*,*,Sample_1,Sample_2,Sample_3,Sample_4,Sample_5
MarkerID,AvgCountRef,AvgCountSnp,Chrom,ChromPos,1930381,1930382,1930383,1930384,1930385
SNP_1,1,1,1,10,0,0,0,0,0
SNP_10,1,1,1,100,1,1,1,0,0
SNP_100,1,1,4,810,0,0,0,0,1
SNP_101,1,1,4,820,0,0,0,0,1
SNP_102,1,1,4,830,2,0,0,1,0