*,*,*,*,*,*,*,*,*,*,*,*,*,*,*,Iris24-1234,Iris24-1234,Iris24-1234,Iris24-1234,Iris24-1234
*,*,*,*,*,*,*,*,*,*,*,*,*,*,*,9.12622E+11,9.12622E+11,9.12622E+11,9.12622E+11,9.12622E+11
*,*,*,*,*,*,*,*,*,*,*,*,*,*,*,1,1,1,1,1
*,*,*,*,*,*,*,*,*,*,*,*,*,*,*,A,A,B,B,C
*,*,*,*,*,*,*,*,*,*,*,*,*,*,*,1,1,1,1,1
*,*,*,*,*,*,*,*,*,*,*,*,*,*,*,1,3,1,3,1
*,*,*,*,*,*,*,*,*,*,*,*,*,*,*,Sample_1,Sample_2,Sample_3,Sample_4,Sample_5
MarkerName,AlleleSequence,Variant,CallRate,OneRatioRef,OneRatioSnp,FreqHomRef,FreqHomSnp,FreqHets,PICRef,PICSnp,AvgPIC,AvgCountRef,AvgCountSnp,RatioAvgCountRefAvgCountSnp,1930381,1930382,1930383,1930384,1930385
SNP_1,ACTCTCAGGTGGATGGAAGACATTCGCA,,1,1,1,1,1,1,1,1,1,1,1,1,328,170,477,142,124
SNP_1,ACTCTCAGGTGGATGGAAGACATTCGCA,-:A>B,1,1,1,1,1,1,1,1,1,1,1,1,149,413,172,364,381
SNP_10,ACTCTCAGGTGGATGGAAGACATTCGCA,,1,1,1,1,1,1,1,1,1,1,1,1,21,34,0,0,76
SNP_10,ACTCTCAGGTGGATGGAAGACATTCGCA,-:A>B,1,1,1,1,1,1,1,1,1,1,1,1,0,0,0,0,0
SNP_100,ACTCTCAGGTGGATGGAAGACATTCGCA,,1,1,1,1,1,1,1,1,1,1,1,1,104,112,190,87,140
SNP_100,ACTCTCAGGTGGATGGAAGACATTCGCA,-:A>B,1,1,1,1,1,1,1,1,1,1,1,1,31,42,39,65,31
SNP_101,ACTCTCAGGTGGATGGAAGACATTCGCA,,1,1,1,1,1,1,1,1,1,1,1,1,479,485,449,375,337
SNP_101,ACTCTCAGGTGGATGGAAGACATTCGCA,-:A>B,1,1,1,1,1,1,1,1,1,1,1,1,186,176,106,372,102
SNP_102,ACTCTCAGGTGGATGGAAGACATTCGCA,,1,1,1,1,1,1,1,1,1,1,1,1,193,216,128,236,227
SNP_102,ACTCTCAGGTGGATGGAAGACATTCGCA,-:A>B,1,1,1,1,1,1,1,1,1,1,1,1,0,71,61,70,0